Name,Price ($),Cores,Score,Thread Mark,TDP,Socket,Power Efficiency (Score/W),Price Efficiency (Score/$),Average Efficiency,URL,Power Efficiency (FPS/W),2024-08-06 10:30:15
AMD Ryzen 5 1600,20.00,6,12283,2066,65,AM4,188.9692,614.1500,401.5596,https://www.ebay.com/itm/AMD-YD1600BBAEBOX-Ryzen-5-1600-32GHz-6-Core-AM4-Processor-Wraith-Spire-/126450679150,188.9692,29.99
AMD Ryzen 5 1400,19.80,4,7752,1895,65,AM4,119.2615,391.5152,255.3884,https://www.ebay.com/itm/AMD-RYZEN-7-2700-1800X-1700X-1700-R5-1600X-1600-2600X-1400-R3-1200-Sockt-AM4-/186477814527?var=0,119.2615,45.99
AMD Ryzen 3 1300X,22.00,4,6970,2125,65,AM4,107.2308,316.8182,212.0245,https://www.ebay.com/itm/AMD-CPU-RYZEN-3-1300X-3-5GHZ-Socket-AM4-/186398661700,107.2308,27.7
AMD Ryzen 3 2200G,24.99,4,6759,2050,65,AM4,103.9846,270.4682,187.2264,https://www.ebay.com/itm/AMD-Ryzen-3-2200G-Processor-3-5-GHz-4-Cores-/196527467489,103.9846,28.49
AMD Ryzen 5 1500X,26.00,4,9099,2113,65,AM4,139.9846,349.9615,244.9731,https://www.ebay.com/itm/AMD-CPU-Ryzen-5-1500X-3-5GHZ-Socket-AM4-/176358179385,139.9846,38.99
AMD Ryzen 3 PRO 2200G,29.99,4,6824,2068,65,AM4,104.9846,227.5425,166.2636,https://www.ebay.com/itm/AMD-Ryzen-3-PRO-2200G-3-2-GHz-Socket-AM4-CPU-YD220BC5M4MFB-/196442760775,104.9846,65.0
AMD Ryzen 5 PRO 2400GE,34.99,4,7656,2122,35,AM4,218.7429,218.8054,218.7741,https://www.ebay.com/itm/AMD-Ryzen-5-Pro-2400GE-3-2GHz-35W-AM4-Desktop-CPU-Processor-YD240BC6M4MFB-/405103391659,218.7429,39.75
AMD Ryzen 5 2400GE,34.99,4,7521,2100,35,AM4,214.8857,214.9471,214.9164,https://www.ebay.com/itm/AMD-Ryzen-5-Pro-2400GE-3-2GHz-35W-AM4-Desktop-CPU-Processor-YD240BC6M4MFB-/405103391659,214.8857,39.75
Intel Core i3-9100F,32,4,6738,2499,65,FCLGA1151-2,103.6615,210.5625,157.1120,https://www.ebay.com/itm/Intel-Core-i3-9100F-4core-4-Threads-3-60GHz-65W-6MB-LGA-1151-CPU-processor-/395551840438,103.6615,41.99
AMD Ryzen 5 2600X,34.99,6,13910,2384,95,AM4,146.4211,397.5422,271.9817,https://www.ebay.com/itm/AMD-Ryzen-5-2600-3-9-GHz-Six-Core-YD2600BBM6IAF-km-/176489859095,146.4211,42.99
AMD Ryzen 5 2600,34.99,6,13196,2245,65,AM4,203.0154,377.1363,290.0759,https://www.ebay.com/itm/AMD-Ryzen-5-2600-3-9-GHz-Six-Core-YD2600BBM6IAF-km-/176489859095,203.0154,40.99
AMD Ryzen 5 1600X,35.00,6,13062,2198,95,AM4,137.4947,373.2000,255.3474,https://www.ebay.com/itm/AMD-Ryzen-5-1600-AM4-Hexa-core-3-2-GHz-Gaming-Processor-NO-COOLER-/387225717220,137.4947,29.99
Intel Core i5-8400T,35,6,7425,1917,35,FCLGA1151-2,212.1429,212.1429,212.1429,https://www.ebay.com/itm/Intel-Core-i5-8400T-6-Core-1-70GHz-SR3X6-FREE-SHIPPING-/296121002923,212.1429,44.99
AMD Ryzen 3 3200G,35.00,4,7133,2207,65,AM4,109.7385,203.8000,156.7692,https://www.ebay.com/itm/AMD-RYZEN-3-PRO-3200G-CPU-YD320BC5M4MFH-/256580714468,109.7385,38.0
AMD Ryzen 7 2700X,36.00,8,17527,2421,105,AM4,166.9238,486.8611,326.8924,https://www.ebay.com/itm/AMD-RYZEN-7-2700X-2700-R5-2600X-2600-2400G-R3-2300X-2200G-Sockt-AM4-Series-/186380314704?var=0,166.9238,72.77
AMD Ryzen 3 3100,35.00,4,11608,2420,65,AM4,178.5846,331.6571,255.1209,https://www.ebay.com/itm/AMD-Ryzen-3-3100-3rd-Gen-4-core-3-9GHz-65w-Quad-core-Desktop-Processor-/365038718921,178.5846,99.99
Intel Core i5-8500,36,6,9552,2456,65,FCLGA1151-2,146.9538,265.3333,206.1436,https://www.ebay.com/itm/Intel-i5-8500-6-Core-3-00GHz-LGA-1151-Socket-Desktop-CPU-Processor-/176392763450,146.9538,34.99
AMD Ryzen 5 2400G,38.99,4,8729,2147,65,AM4,134.2923,223.8779,179.0851,https://www.ebay.com/itm/AMD-Ryzen-5-Pro-2400-GE-Quad-Core-CPU-YDZ240BC6M4MFB-/305699376398,134.2923,32.99
AMD Ryzen 5 PRO 2400G,38.99,4,8496,2153,65,AM4,130.7077,217.9020,174.3048,https://www.ebay.com/itm/AMD-Ryzen-5-Pro-2400-GE-Quad-Core-CPU-YDZ240BC6M4MFB-/305699376398,130.7077,32.99
AMD Ryzen 3 3200GE,37.99,4,7309,2206,35,AM4,208.8286,192.3927,200.6106,https://www.ebay.com/itm/AMD-Ryzen-3-PRO-3200GE-4-Core-CPU-Processor-3-30GHz-AM4-YD320BC6M4MFH-/395564438684,208.8286,95.97
Intel Core i5-8600T,38,6,9339,2281,35,FCLGA1151-2,266.8286,245.7632,256.2959,https://www.ebay.com/itm/Intel-Core-i5-8600T-SR3X3-2-3GHz-6-Core-LGA1151-9MB-Desktop-CPU-Processor-/235667910628,266.8286,42.99
Intel Core i5-8500T,38,6,7736,2017,35,FCLGA1151-2,221.0286,203.5789,212.3038,https://www.ebay.com/itm/Intel-Core-i5-8500T-2-10GHz-Six-Core-9MB-CPU-Processor-SR3XD-95-/335503972159,221.0286,33.99
AMD Ryzen 3 4100,39.60,4,11077,2529,65,AM4,170.4154,279.7222,225.0688,https://www.ebay.com/itm/AMD-Ryzen-3-4100-Desktop-Processor-AM4-100-000000510-Eight-Threads-7nm-Zen-2-/185830718249,170.4154,48.67
Intel Core i5-8600,39.84,6,9956,2579,65,FCLGA1151-2,153.1692,249.8996,201.5344,https://www.ebay.com/itm/Intel-Core-i5-8600-3-10GHz-SR3X0-6-Core-CPU-/226245482003,153.1692,34.99
Intel Core i5-8400,39.99,6,9232,2382,65,FCLGA1151-2,142.0308,230.8577,186.4443,https://www.ebay.com/itm/Intel-Core-i5-8400-2-80-GHz-6-Cores-LGA-1151-SR3QT-FREE-SHIPPING-/156328470342,142.0308,34.99
AMD Ryzen 7 1700X,42.49,8,15674,2101,95,AM4,164.9895,368.8868,266.9382,https://www.ebay.com/itm/AMD-RYZEN-7-1700X-CPU-/116246857001,164.9895,54.0
AMD Ryzen 7 1700,42.49,8,14807,2000,65,AM4,227.8,348.4820,288.1410,https://www.ebay.com/itm/AMD-RYZEN-7-1700X-CPU-/116246857001,227.8000,39.99
AMD Ryzen 5 3500X,42.75,6,13177,2505,65,AM4,202.7231,308.2339,255.4785,https://www.ebay.com/itm/AMD-RYZEN-9-3900X-R7-3700X-3800X-R5-3600XT-3600-3500X-4500-R3-4100-Sockt-AM4-/176323493508?var=0,202.7231,47.0
AMD Ryzen 5 3500,42.75,6,12792,2501,65,AM4,196.8,299.2281,248.0140,https://www.ebay.com/itm/AMD-RYZEN-9-3900X-R7-3700X-3800X-R5-3600XT-3600-3500X-4500-R3-4100-Sockt-AM4-/176323493508?var=0,196.8000,48.99
Intel Core i5-9400,42.95,6,9369,2438,65,FCLGA1151-2,144.1385,218.1374,181.1379,https://www.ebay.com/itm/Intel-Core-i5-9400F-SRF6M-2-90GHz-CPU-Processor-/166889778764,144.1385,35.99
Intel Core i3-8350K,43.88,4,6859,2476,91,FCLGA1151-2,75.3736,156.3127,115.8432,https://www.ebay.com/itm/Intel-Core-i3-8350K-4-core-4-00GHz-91W-SR3N4-LGA-1151-CPU-processor-/395549493908,75.3736,39.99
Intel Core i5-9500T,44.99,6,8210,2168,35,FCLGA1151-2,234.5714,182.4850,208.5282,https://www.ebay.com/itm/Intel-Core-i5-9500T-2-20Ghz-SRF4D-6-Core-LGA1151-Socket-CPU-Processor-/315499869580,234.5714,39.84
AMD Ryzen 5 3400GE,45.00,4,8907,2295,35,AM4,254.4857,197.9333,226.2095,https://www.ebay.com/itm/AMD-RYZEN-5-Pro-3400GE-3-3-GHZ-4-Core-AM4-YD340BC6M4MFH-FREE-SHIPPING-/375237314322,254.4857,53.74
AMD Ryzen 5 PRO 3400GE,45.00,4,8286,2242,35,AM4,236.7429,184.1333,210.4381,https://www.ebay.com/itm/AMD-RYZEN-5-Pro-3400GE-3-3-GHZ-4-Core-AM4-YD340BC6M4MFH-FREE-SHIPPING-/375237314322,236.7429,61.97
AMD Ryzen 5 3400G,39.60,4,9267,2334,65,AM4,142.5692,234.0152,188.2922,https://www.ebay.com/itm/AMD-RYZEN-7-5700G-4750G-R5-5600GE-Pro-4650G-3400G-2400GE-R3-3200GE-2200G-CPU-/176380431577?var=475907225099,142.5692,57.95
Intel Core i7-6700K,48.1,4,8929,2504,95,LGA1151,93.9895,185.6341,139.8118,https://www.ebay.com/itm/Intel-Core-i7-6700K-SR2L0-Desktop-Processor-8M-Cache-4-00GHz-Tested-/186600787278,93.9895,44.45
AMD Ryzen 5 2500X,49.00,4,9482,2323,65,AM4,145.8769,193.5102,169.6936,https://www.ebay.com/itm/AMD-Ryzen-5-2500X-AM4-CPU-Quad-Core-3-6-GHz-8MB-65W-Processor-R5-2500X-/175248763812,145.8769,49.0
Intel Core i7-7700T,49.99,4,7617,2152,35,FCLGA1151,217.6286,152.3705,184.9995,https://www.ebay.com/itm/Dell-OptiPlex-7050-Micro-Intel-i7-7700T-2-90GHz-16GB-Fair-No-COA-SSD-/285955256046,217.6286,49.99
AMD Ryzen 7 1800X,50.00,8,16374,2198,95,AM4,172.3579,327.4800,249.9189,https://www.ebay.com/itm/AMD-CPU-Ryzen-7-1800X-3-6-GHz-8-Core-Socket-AM4-/186592656198,172.3579,69.77
AMD Ryzen 5 4500,53.01,6,16142,2597,65,AM4,248.3385,304.5086,276.4235,https://www.ebay.com/itm/AMD-Ryzen-5-4500-3-6-GHz-6-Core-AM4-Processor-Used-/386779034646,248.3385,62.99
Intel Core i5-9500,54,6,9797,2573,65,FCLGA1151-2,150.7231,181.4259,166.0745,https://www.ebay.com/itm/Intel-Core-i5-9500-CPU-3-00ghz-SRF4B-Processor-/305675755560,150.7231,39.84
AMD Ryzen 7 2700,55.00,8,15705,2179,65,AM4,241.6154,285.5455,263.5804,https://www.ebay.com/itm/AMD-CPU-Ryzen-7-2700-8-Core-3-2GHZ-Socket-AM4-/186442150029,241.6154,84.11
Intel Core i5-9500F,58,6,10028,2601,65,FCLGA1151-2,154.2769,172.8966,163.5867,https://www.ebay.com/itm/Intel-Core-i5-9500F-6-Cores-6-Threads-65W-LGA-1151-3-00GHz-CPU-Processor-/135142734522,154.2769,54.99
Intel Core i7-7700,58.5,4,8646,2454,65,LGA1151,133.0154,147.7949,140.4051,https://www.ebay.com/itm/Intel-Core-i7-7700-3-60GHz-Kaby-Lake-LGA-1151-Quad-Core-Desktop-CPU-TESTED-/256584718461,133.0154,55.0
Intel Core i5-9600,58.99,6,10422,2739,65,FCLGA1151-2,160.3385,176.6740,168.5063,https://www.ebay.com/itm/Intel-Core-i5-9600-3-1GHz-Hexa-Core-9MB-65W-FCLGA1151-64-bit-Processor-SRF4H-/266892079116,160.3385,45.0
Intel Pentium Gold G7400,58.99,2,6726,2996,46,"LGA1700,BGA1700",146.2174,114.0193,130.1183,https://www.ebay.com/itm/Intel-Pentium-Gold-G7400-SRL66-3-7GHz-LGA-1700-6MB-CPU-Processor-Used-/296434983577,146.2174,138.68
AMD Ryzen 5 3600,59.00,6,17754,2567,65,AM4,273.1385,300.9153,287.0269,https://www.ebay.com/itm/AMD-Ryzen-5-3600-3-6GHz-6-Core-12T-PROCESSOR-Socket-AM4-CPU-65W-B450-/293547445677,273.1385,36.99
AMD Ryzen 3 3300X,59.37,4,12650,2674,65,AM4,194.6154,213.0706,203.8430,https://www.ebay.com/itm/AMD-Ryzen-series-R5-2600X-R7-2700X-r3-3300x-R5-3500X-R5-3600X-Slot-AM4-CPU-/145729832643?var=0,194.6154,59.37
Intel Core i5-8600K,59.99,6,10200,2592,95,FCLGA1151-2,107.3684,170.0283,138.6984,https://www.ebay.com/itm/Intel-Core-i5-8600K-SR3QU-6-Core-3-60GHz-9-Mb-Cache-LGA1151-CPU-Processor-/335396470842,107.3684,49.99
AMD Ryzen 5 3600X,61.20,6,18202,2653,95,AM4,191.6,297.4183,244.5091,https://www.ebay.com/itm/AMD-RYZEN-9-3900X-R7-3700X-3800X-R5-3600XT-3600-3500X-4500-R3-4100-Sockt-AM4-/176323493508?var=475821166656,191.6000,88.15
AMD Ryzen 5 PRO 3400G,61.99,4,9091,2303,65,AM4,139.8615,146.6527,143.2571,https://www.ebay.com/itm/AMD-Ryzen-5-Pro-3400G-3-70-GHz-Socket-AM4-Desktop-CPU-Processor-YD340BC5M4MFH-/364858424945,139.8615,89.0
AMD Ryzen 3 PRO 1300,64.99,4,7234,2187,65,AM4,111.2923,111.3094,111.3008,https://www.ebay.com/itm/Dell-OptiPlex-5055-SFF-AMD-Ryzen-3-PRO-1300-8GB-No-COA-Caddy-HDD-/266877508233,111.2923,64.99
Intel Core i3-12100,65.00,4,13575,3435,60,FCLGA1700,226.25,208.8462,217.5481,https://www.ebay.com/itm/Intel-Core-i3-i3-12100-SRL62-Processor-CPU-Quad-Core-3-3-4-3GHz-LGA-1170-/176386965862,226.2500,75.0
Intel Core i3-9350KF,66,4,7549,2668,91,FCLGA1151-2,82.956,114.3788,98.6674,https://www.ebay.com/itm/Intel-Core-i3-9350KF-4-core-4-thread-8MB-4-00GHz-91W-LGA-1151-CPU-processor-/395549473257,82.9560,66.0
Intel Core i5-9600K,67.99,6,10673,2740,95,FCLGA1151-2,112.3474,156.9790,134.6632,https://www.ebay.com/itm/Intel-Core-i5-9600K-3-70-GHz-LGA-1151-Desktop-CPU-Processor-SRELU-/364984518622,112.3474,58.99
Intel Core i7-8700T,67.99,6,10170,2300,35,FCLGA1151-2,290.5714,149.5808,220.0761,https://www.ebay.com/itm/Intel-Core-i7-8700T-SR3WX-2-40GHz-6-Core-12-Threads-LGA1151-CPU-Processor-/115550216007,290.5714,67.5
Intel Core i3-9350K,68.8,4,7700,2783,91,FCLGA1151,84.6154,111.9186,98.2670,https://www.ebay.com/itm/Intel-Core-i3-9350K-4-Core-4-threads-91W-8MB-4-00GHz-LGA-1151-CPU-processor-/395549447410,84.6154,47.99
Intel Core i3-12100F,69.99,4,14131,3464,58,FCLGA1700,243.6379,201.9003,222.7691,https://www.ebay.com/itm/Intel-Core-i3-12100F-12th-Gen-Alder-Lake-Quad-Core-3-3GHz-LGA-1700-CPU-Processor-/176497158909,243.6379,108.29
Intel Core i5-9600T,70,6,9602,2422,35,FCLGA1151-2,274.3429,137.1714,205.7571,https://www.ebay.com/itm/Intel-Core-I5-9600T-6-Core-2-30GHz-8-GT-s-9MB-L3-Socket-LGA1151-CPU-Processor-/126120459054,274.3429,64.99
AMD Ryzen 5 4600G,70.00,6,16067,2658,65,AM4,247.1846,229.5286,238.3566,https://www.ebay.com/itm/AMD-Ryzen-5-G-Series-4600G-Stock-Cooler-/296602096441,247.1846,70.04
AMD Ryzen Threadripper 1900X,59.99,8,16800,2326,180,sTR4,93.3333,280.0467,186.6900,https://www.ebay.com/itm/AMD-Ryzen-Threadripper-1900X-Processor-YD190XA8U8QAE-/326217024744,93.3333,59.99
Intel Core i3-13100F,89.99,4,14621,3605,58,FCLGA1700,252.0862,162.4736,207.2799,https://www.ebay.com/itm/NEW-Intel-Core-i3-13100F-3-40GHz-4-50GHz-Max-4-Core-Processor-CPU-FCLGA1700-/116267795636,252.0862,106.98
Intel Core i3-13100,75.00,4,13404,3372,60,FCLGA1700,223.4,178.7200,201.0600,https://www.ebay.com/itm/Intel-core-i3-13100F-Processors-3-4GHz-CPU-LGA1700-Up-4-50GHz-4-Cores-/176489927970,223.4000,130.0
AMD Ryzen 3 4300G,75.00,4,10966,2556,65,AM4,168.7077,146.2133,157.4605,https://www.ebay.com/itm/Amd-Ryzen-3-4300G-Quad-core-8-thread-3-8-Ghz-Socket-Am4-/387089305891,168.7077,75.0
AMD Ryzen Threadripper 1920,75.99,12,22066,2299,140,sTR4,157.6143,290.3803,223.9973,https://www.ebay.com/itm/AMD-Ryzen-Threadripper-1950X-1920X-1900X-cpu-socket-str4-supports-x399-processor-/266805444119?var=0,157.6143,99.99
Intel Core i5-12400F,75.99,6,19542,3505,65,FCLGA1700,300.6462,257.1654,278.9058,https://www.ebay.com/itm/Intel-Core-i5-12400F-SRL5Z-4-4-GHz-CPU-Processor-/126584233175,300.6462,105.0
Intel Core i5-9600KF,78.5,6,10696,2742,95,FCLGA1151-2,112.5895,136.2548,124.4221,https://www.ebay.com/itm/Intel-Core-i5-9600KF-3-70GHz-6-core-9MB-LGA-1151-CPU-Prozessor-/355718605668,112.5895,52.99
Intel Core i7-8700,79.94,6,12852,2643,65,FCLGA1151-2,197.7231,160.7706,179.2468,https://www.ebay.com/itm/Intel-Core-i7-8700-3-20GHz-CPU-/305699297198,197.7231,67.99
AMD Ryzen 5 5500,86.99,6,19427,3059,65,AM4,298.8769,223.3245,261.1007,https://www.ebay.com/itm/AMD-Ryzen-5-5500-6-Core-12-Thread-Socket-AM4-CPU-Processor-OEM-Tray-/266554838085,298.8769,104.99
Intel Core i7-8700K,79.99,6,13638,2729,95,FCLGA1151-2,143.5579,170.4963,157.0271,https://www.ebay.com/itm/Intel-Core-i7-8700K-3-70GHz-6-Core-BX80684I78700K-12-Thread-LGA1151-/226245857272,143.5579,69.99
AMD Ryzen 7 3700X,74.99,8,22557,2660,65,AM4,347.0308,300.8001,323.9154,https://www.ebay.com/itm/AMD-RYZEN7-3700X-PROCESSOR-100-100000071BOX-/387239437402,347.0308,79.0
Intel Core i5-12500T,80.00,6,16578,3518,35,FCLGA1700,473.6571,207.2250,340.4411,https://www.ebay.com/itm/Intel-Core-i5-i5-12500T-SRL5W-2-00GHz-CPU-Processor-6-Core-LGA1700-/176395447660,473.6571,143.0
AMD Ryzen 5 5600G,82.00,6,19891,3191,65,AM4,306.0154,242.5732,274.2943,https://www.ebay.com/itm/USED-AMD-Ryzen-5-5600G-Processor-3-9-GHz-6-Cores-Socket-AM4-/364940472876,306.0154,114.99
AMD Ryzen 5 5600,92.99,6,21572,3257,65,AM4,331.8769,231.9819,281.9294,https://www.ebay.com/itm/New-AMD-Ryzen-5-5600-Vermeer-Zen3-6-Core-12-Thread-AM4-CPU-Processor-OEM-Tray-/266764723704,331.8769,65.0
AMD Ryzen 3 PRO 3200G,85.00,4,6991,2190,65,AM4,107.5538,82.2471,94.9005,https://www.ebay.com/itm/Lenovo-M75s-1-AMD-Ryzen-3-Pro-3200G-/266893319358,107.5538,129.99
AMD Ryzen 7 3800X,94.99,8,23159,2717,105,AM4,220.5619,243.8046,232.1832,https://www.ebay.com/itm/AMD-Ryzen-7-3800X-Processor-3-9GHz-8-Cores-Socket-AM4-/176488919312,220.5619,139.99
AMD Ryzen 5 PRO 4650G,87.99,6,16179,2655,65,AM4,248.9077,183.8732,216.3904,https://www.ebay.com/itm/AMD-RYZEN-5-4650GE-R5-PRO-4650GE-AM4-CPU-Processor-6-Cores-3-3GHz-12T-35W-8MB-/266339366686,248.9077,129.99
AMD Ryzen 5 PRO 4650GE,87.99,6,15554,2615,35,AM4,444.4,176.7701,310.5851,https://www.ebay.com/itm/AMD-RYZEN-5-4650GE-R5-PRO-4650GE-AM4-CPU-Processor-6-Cores-3-3GHz-12T-35W-8MB-/266339366686,444.4000,93.99
AMD Ryzen 3 PRO 4350G,88.00,4,10925,2546,65,AM4,168.0769,124.1477,146.1123,https://www.ebay.com/itm/AMD-Ryzen-3-PRO-4350G-AM4-CPU-Processor-R3-PRO-4350G-3-8GHz-Quad-Core-Desktop-/174586120400,168.0769,88.0
AMD Ryzen 7 PRO 3700,89.00,8,22916,2685,65,AM4,352.5538,257.4831,305.0185,https://www.ebay.com/itm/AMD-Ryzen-7-Pro-3700-AM4-CPU-Processor-R7-PRO-3700-3-6GHz-8Core-16Thr-32MB-65W-/175277285024,352.5538,189.95
Intel Core i3-9300,89.99,4,7137,2561,62,FCLGA1151-2,115.1129,79.3088,97.2108,https://www.ebay.com/itm/Intel-Core-i3-9300-SRCZU-CPU-Processor-3-70GHz-8M-Cache-LGA1151-/395310131236,115.1129,47.99
Intel Core i3-14100,110.00,4,15023,3727,60,FCLGA1700,250.3833,136.5727,193.4780,https://www.ebay.com/itm/Intel-Core-i3-14100F-Desktop-Processor-LGA-1700-CPU-Only-No-Cooler-/186567498044,250.3833,299.0
AMD Ryzen 5 5600X,93.00,6,21895,3360,65,AM4,336.8462,235.4301,286.1381,https://www.ebay.com/itm/AMD-Ryzen-5-5600-Processor-4-4-GHz-6-Cores-Socket-AM4-100-000000927-/116270614182,336.8462,90.0
AMD Ryzen 3 4300GE,97.00,4,11218,2553,35,AM4,320.5143,115.6495,218.0819,https://www.ebay.com/itm/AMD-Ryzen-3-4300GE-3-5GHz-Quad-Core-Desktop-35W-AM4-CPU-Processor-R3-4300GE-/144568623105,320.5143,97.0
AMD Ryzen 9 3900X,99.87,12,32644,2706,105,AM4,310.8952,326.8649,318.8800,https://www.ebay.com/itm/AMD-RYZEN-9-3900X-RYZEN-R7-3700X-3800X-RYZEN-R5-3600X-3500X-Socket-AM4-Processor-/256511846567?var=556719293547,310.8952,140.0
Intel 300,84.99,2,7160,3235,46,FCLGA1700,155.6522,84.2452,119.9487,https://www.ebay.com/itm/Intel-Core-i5-9600KF-3-7GHz-LGA1151-300-Series-Coffee-Lake-Desktop-Processor-/166878780711,155.6522,74.99
AMD Ryzen 3 PRO 4350GE,104.49,4,10971,2528,35,AM4,313.4571,104.9957,209.2264,https://www.ebay.com/itm/HP-Elitedesk-805-G6-Mini-AMD-RYZEN-Pro-4350GE-16GB-512gb-SSD-Win-11pro-/395564263878,313.4571,159.99
Intel Core i3-12300T,107.00,4,13507,3420,35,FCLGA1700,385.9143,126.2336,256.0740,https://www.ebay.com/itm/12gen-Intel-Core-i3-12300T-CPU-4-cores-2-3GHz-12MB-LGA-1700-processor-/404958164461,385.9143,107.0
AMD Ryzen Threadripper 1920X,108.00,12,23104,2319,180,sTR4,128.3556,213.9259,171.1408,https://www.ebay.com/itm/AMD-Ryzen-Threadripper-1920X-12-Core-24-Threads-3-5GHz-32MB-Processor-180W-/126573697069,128.3556,99.99
Intel Core i7-9700T,108,8,10782,2435,35,FCLGA1151-2,308.0571,99.8333,203.9452,https://www.ebay.com/itm/Intel-i7-9700T-2-00GHz-CPU-Processor-SRG17-/135163592361,308.0571,104.99
AMD Ryzen 7 5700G,109.80,8,24557,3283,65,AM4,377.8,223.6521,300.7260,https://www.ebay.com/itm/AMD-RYZEN-7-5700G-4750G-R5-5600GE-Pro-4650G-3400G-2400GE-R3-3200GE-2200G-CPU-/176380431577?var=475907225096,377.8000,158.0
Intel Core i7-9700,109.99,8,13183,2747,65,FCLGA1151-2,202.8154,119.8564,161.3359,https://www.ebay.com/itm/Intel-Core-i7-9700F-3-00GHz-8-Core-SRG14-8-Thread-LGA1151-CPU-/387218837381,202.8154,85.0
Intel Core i5-7600K,110,4,6800,2547,91,FCLGA1151,74.7253,61.8182,68.2717,https://www.ebay.com/itm/Intel-Core-i5-7600K-SR32V-3-80GHz-4-Core-L3-6M-LGA-1151-Socket-H4-CPU-SR32V-/374325171009,74.7253,140.0
AMD Ryzen Threadripper 1950X,114.00,16,27561,2275,180,sTR4,153.1167,241.7632,197.4400,https://www.ebay.com/itm/AMD-Ryzen-YD195XA8AEWOF-Threadripper-1950X-Cache-32-MB-16-Core-3-4-GHz-/285885964758,153.1167,176.0
AMD Ryzen 5 5500GT,114.83,6,20352,3218,65,AM4,313.1077,177.2359,245.1718,https://www.ebay.com/itm/AMD-Ryzen-5-5500GT-Ryzen-5-5000-Series-6-Core-3-6-GHz-Socket-AM4-65W-AMD-Radeo-/305381318891,313.1077,99.0
AMD Ryzen 5 PRO 5650GE,117.99,6,18367,3177,35,AM4,524.7714,155.6657,340.2185,https://www.ebay.com/itm/AMD-Ryzen-5-Pro-5650GE-3-40-GHz-Socket-AM4-2-CPU-Processor-100-000000258-/387246537064,524.7714,219.99
AMD Ryzen 3 5300GE,118.00,4,13074,3098,35,AM4,373.5429,110.7966,242.1697,https://www.ebay.com/itm/AMD-Ryzen-3-5300GE-AM4-CPU-Processor-R3-5300GE-3-6-4-2GHz-Quad-Core-8Thr-35W-8MB-/387214916274,373.5429,105.0
Intel Core i5-12600T,119.50,6,17576,3480,35,FCLGA1700,502.1714,147.0795,324.6255,https://www.ebay.com/itm/12Th-Gen-Intel-Core-i5-12600T-LGA-1700-CPU-Processor-6-Core-2-10GHz-/145918505619,502.1714,145.99
Intel Core i7-9700K,119.9,8,14464,2876,95,FCLGA1151-2,152.2526,120.6339,136.4433,https://www.ebay.com/itm/Intel-Core-i7-9700K-SRG15-3-60GHz-CPU-Processor-/335502405219,152.2526,109.99
Intel Core i5-12400T,110.00,6,16158,3379,74,FCLGA1700,218.3514,146.8909,182.6212,https://www.ebay.com/itm/Used-Intel-Core-i5-12400T-SRL5X-6-Cores-up-4-2-GHz-CPU-/326133114597,218.3514,178.0
Intel Core i5-12600K,119.99,10,27719,3950,150,FCLGA1700,184.7933,231.0109,207.9021,https://www.ebay.com/itm/Intel-Core-i5-12600k-SRL4T-2-5Ghz-CPU-Processor-/126557755095,184.7933,119.99
AMD Ryzen 5 PRO 1500,119.99,4,9106,2134,65,AM4,140.0923,75.8897,107.9910,https://www.ebay.com/itm/Dell-OptiPlex-5055-Amd-Ryzen-5-1500-Pro-3-5GHz-8GB-256GB-RX550-SFF-/204782257467,140.0923,99.99
AMD Ryzen 7 5700X,124.99,8,26679,3383,65,AM4,410.4462,213.4491,311.9476,https://www.ebay.com/itm/AMD-Ryzen-7-5700X-8-Core-16-Thread-Unlocked-Desktop-Processor-/204906166055,410.4462,159.84
AMD Ryzen 3 5300G,124.99,4,12889,3035,65,AM4,198.2923,103.1202,150.7063,https://www.ebay.com/itm/100-000000253-CPU-AMD-RYZEN3-5300G-4C-4-00g-65W-/145257923584,198.2923,184.95
AMD Ryzen Threadripper 2920X,129.00,12,25469,2490,180,sTR4,141.4944,197.4341,169.4642,https://www.ebay.com/itm/AMD-Ryzen-Threadripper-2920X-12-Core-24-Threads-3-50GHz-180W-sTR4-YD292XA8UC9AF-/315395412304,141.4944,129.0
Intel Core i5-13400F,139.96,10,25212,3654,148,FCLGA1700,170.3514,180.1372,175.2443,https://www.ebay.com/itm/Intel-Core-i5-13400F-2-50GHz-10-Core-Processor-LGA-1700-BX8071513400F-/335394567048,170.3514,252.06
Intel Core i5-13400,130.00,10,24902,3692,154,FCLGA1700,161.7013,191.5538,176.6275,https://www.ebay.com/itm/Intel-CM8071504821107-SRMBG-Core-i5-13400F-Processor-TESTED-W-COSMETIC-DAMAGE-/204904242380,161.7013,149.99
AMD Ryzen 7 PRO 4750G,130.00,8,20486,2716,65,AM4,315.1692,157.5846,236.3769,https://www.ebay.com/itm/AMD-Ryzen-7-PRO-4750G-AM4-CPU-Processor-R7-PRO-4750G-Desktop-3-6GHz-8Core-65W-/174586133423,315.1692,119.7
AMD Ryzen 7 4700G,130.00,8,20149,2742,65,AM4,309.9846,154.9923,232.4885,https://www.ebay.com/itm/AMD-Ryzen-7-4700G-3-6-4-4GHz-8Core-16Thr-Socket-AM4-65W-CPU-Processor-R7-4700G-/226249030386,309.9846,129.0
Intel Core i5-12490F,135.00,6,20413,3717,65,LGA1700,314.0462,151.2074,232.6268,https://www.ebay.com/itm/Intel-Core-i5-12490F-6-Core-3-0G-Alder-Lake-LGA1700-CPU-Processor-/404964184875,314.0462,109.99
Intel Core i7-13700K,229.99,16,46504,4362,125,FCLGA1700,372.032,202.2001,287.1160,https://www.ebay.com/itm/Intel-Core-i7-13700K-13th-Gen-16-cores-8-P-cores-8-E-cores-30M-Cache-3-4-NIB-/395563326572,372.0320,220.0
Intel Core i5-12600KF,137.00,10,27503,3927,150,FCLGA1700,183.3533,200.7518,192.0525,https://www.ebay.com/itm/SRL5T-INTEL-CORE-i5-12600-3-3GHz-4-8GHz-FCLGA1700-6-CORE-18MB-CACHE-CPU-/387231481431,183.3533,141.74
AMD Ryzen 9 3900,99.87,12,30818,2622,65,AM4,474.1231,308.5812,391.3522,https://www.ebay.com/itm/AMD-RYZEN-9-3900X-RYZEN-R7-3700X-3800X-RYZEN-R5-3600X-3500X-Socket-AM4-Processor-/256511846567?var=556719293547,474.1231,140.0
AMD Ryzen 7 5800X,149.40,8,27875,3445,105,AM4,265.4762,186.5797,226.0280,https://www.ebay.com/itm/AMD-RYZEN-9-5900X-R7-5800X-5700X-5700GE-R5-5600X-5600GE-Pro-4750GE-4650G-AM4-/186380359127?var=694430667328,265.4762,124.99
AMD Ryzen 7 5800,149.40,8,25767,3388,65,AM4,396.4154,172.4699,284.4426,https://www.ebay.com/itm/AMD-RYZEN-9-5900X-R7-5800X-5700X-5700GE-R5-5600X-5600GE-Pro-4750GE-4650G-AM4-/186380359127?var=694430667328,396.4154,124.99
AMD Ryzen 5 5600GE,145.00,6,18753,3214,35,AM4,535.8,129.3310,332.5655,https://www.ebay.com/itm/AMD-RYZEN-5-R5-5600GE-AM4-CPU-Processor-6-Core-12-Thread-3-4-GHz-Desktop-35W-/175275945848,535.8000,148.0
AMD Ryzen 7 PRO 4750GE,147.99,8,18431,2684,35,AM4,526.6,124.5422,325.5711,https://www.ebay.com/itm/AMD-Ryzen-7-Pro-4750GE-3-10-GHz-Socket-AM4-Desktop-CPU-Processor-100-000000152-/364760954348,526.6000,147.99
AMD Ryzen 7 PRO 1700,149.00,8,14657,2028,65,AM4,225.4923,98.3691,161.9307,https://www.ebay.com/itm/MSI-B450-GAMING-PRO-CARBON-AC-Motherboard-AMD-RYZEN-7-1700-8-Core-3-0-GHz-CPU-/296498834464,225.4923,145.0
AMD Ryzen 7 3800XT,163.88,8,23623,2802,105,AM4,224.981,144.1482,184.5646,https://www.ebay.com/itm/AMD-Ryzen-7-3800XT-R7-3800XT-8-core-3-9GHz-Desktop-AM4-105W-CPU-processor-/175659864486,224.9810,163.88
AMD Ryzen 9 3900XT,150.00,12,32690,2746,105,AM4,311.3333,217.9333,264.6333,https://www.ebay.com/itm/AMD-Ryzen-9-3900XT-Processor-4-7-GHz-12-Cores-Socket-AM4-/145695834033,311.3333,148.25
AMD Ryzen 5 7600X,150.00,6,28496,4149,105,AM5,271.3905,189.9733,230.6819,https://www.ebay.com/itm/AMD-Ryzen-5-7600x-Processor-5-3-GHz-6-Cores-LGA-1718-Socket-AM5-Box-/364907930997,271.3905,210.0
AMD Ryzen 7 PRO 1700X,150.00,8,15602,2141,95,AM4,164.2316,104.0133,134.1224,https://www.ebay.com/itm/Aorus-B450-Pro-WiFi-AMD-CPU-Ryzen-7-1700x-Read-Description-/256572893342,164.2316,319.99
Intel Core i5-14600,214.32,14,35047,4073,65,FCLGA1700,539.1846,163.5265,351.3555,https://www.ebay.com/itm/Intel-Core-i5-14600KF-3-5GHz-14-Core-Processor-BX8071514600KF-Used-/395478606615,539.1846,294.99
AMD Ryzen 7 4700GE,155.00,8,19831,2681,35,AM4,566.6,127.9419,347.2710,https://www.ebay.com/itm/AMD-Ryzen-7-PRO-4700GE-AM4-CPU-Processor-R7-PRO-4700GE-8Core-3-1-GHz-35W-/175276019716,566.6000,155.0
Intel Core i5-13500,139.99,14,31979,3890,65,FCLGA1700,491.9846,228.4377,360.2111,https://www.ebay.com/itm/Intel-Core-i5-13500T-1-6GHz-14-Core-LGA1700-24MB-Desktop-CPU-Processor-SRMBQ-/145920103522,491.9846,150.0
Intel Core i5-13500T,139.99,14,23425,3634,92,FCLGA1700,254.6196,167.3334,210.9765,https://www.ebay.com/itm/Intel-Core-i5-13500T-1-6GHz-14-Core-LGA1700-24MB-Desktop-CPU-Processor-SRMBQ-/145920103522,254.6196,164.99
AMD Ryzen 5 8500G,158.98,6,21678,3901,65,AM5,333.5077,136.3568,234.9323,https://www.ebay.com/itm/AMD-Ryzen-5-8500G-Ryzen-5-8000-G-Series-6-Core-3-5-GHz-Socket-AM5-65W-Radeon-/305436218808,333.5077,134.99
AMD Ryzen 5 PRO 5650G,159.00,6,20786,3252,65,AM4,319.7846,130.7296,225.2571,https://www.ebay.com/itm/AMD-RYZEN-5-PRO-5650G-AM4-CPU-Processor-r5-5650g-6-Core-12T-3-9GHz-Desktop-65W-/175284744079,319.7846,159.0
Intel Core i5-13400T,159.99,10,21147,3507,82,FCLGA1700,257.8902,132.1770,195.0336,https://www.ebay.com/itm/Intel-Core-i5-13400T-Raptor-Lake-SRMBR-10-Core-Max-4-4-GHz-LGA1700-CPU-/264566058351,257.8902,220.0
AMD Ryzen 7 PRO 2700,165.00,8,15280,2189,65,AM4,235.0769,92.6061,163.8415,https://www.ebay.com/itm/HP-EliteDesk-705-G4-SFF-AMD-Ryzen-7-Pro-2700-3-2GHz-16GB-256GB-NVMe-SSD-No-OS-/235659746153,235.0769,159.0
AMD Ryzen 7 7700X,165.99,8,35927,4210,105,AM5,342.1619,216.4407,279.3013,https://www.ebay.com/itm/AMD-Ryzen-7-7700X-8-Core-16-Thread-CPU-Processor-/126595052456,342.1619,359.0
AMD Ryzen 7 7700,165.99,8,34553,4059,65,AM5,531.5846,208.1631,369.8739,https://www.ebay.com/itm/AMD-Ryzen-7-7700X-8-Core-16-Thread-CPU-Processor-/126595052456,531.5846,359.0
AMD Ryzen 5 8400F,169.00,6,24375,3671,65,AM5,375,144.2308,259.6154,https://www.ebay.com/itm/AMD-Ryzen-5-8400F-4-2-GHz-Ryzen-5-8000-Series-6-Core-12-Threads-Socket-AM-/296432767583,375.0000,165.08
Intel Core i7-12700KF,169.99,12,34401,4014,190,FCLGA1700,181.0579,202.3707,191.7143,https://www.ebay.com/itm/Intel-Core-i7-12700KF-Desktop-Processor-12-Cores-20-Threads-LGA1700-Unlocked-/266069758112,181.0579,194.0
Intel Core i7-12700,171.99,12,30789,3912,65,FCLGA1700,473.6769,179.0162,326.3465,https://www.ebay.com/itm/Intel-CPU-Core-i7-12700F-12-20-2-1GHz-6xxChipset-BX8071512700F-/126436555397,473.6769,158.39
Intel Core i3-12100T,169.99,4,12676,3283,35,FCLGA1700,362.1714,74.5691,218.3702,https://www.ebay.com/itm/Lenovo-Thinkcentre-M70Q-G3-Mini-Desktop-PC-Core-i3-12100T-4GB-128GB-SSD-W11P-/156187814849,362.1714,149.99
Intel Core i5-13600K,179.00,14,38030,4142,125,FCLGA1700,304.24,212.4581,258.3491,https://www.ebay.com/itm/Intel-Core-i5-13600K-Processor-5-1-GHz-14-Cores-LGA-1700-BX8071513600K-/226265729450,304.2400,185.0
Intel Core i5-13600,179.00,14,32347,4052,65,FCLGA1700,497.6462,180.7095,339.1779,https://www.ebay.com/itm/Intel-Core-i5-13600K-Processor-5-1-GHz-14-Cores-LGA-1700-BX8071513600K-/226265729450,497.6462,169.99
AMD Ryzen Threadripper 2950X,169.99,16,29433,2459,180,sTR4,163.5167,173.1455,168.3311,https://www.ebay.com/itm/AMD-Ryzen-Threadripper-2950X-16-Core-CPU-USA-/145917077232,163.5167,234.95
Intel Core i7-8086K,179,6,14290,2852,95,FCLGA1151-2,150.4211,79.8324,115.1268,https://www.ebay.com/itm/Intel-Core-i7-8086K-6-Cores-12-Threads-12MB-Socket-LGA1151-4-00GHz-CPU-Processor-/405045034810,150.4211,124.99
Intel Core i9-9900K,179.99,8,18284,2930,95,FCLGA1151-2,192.4632,101.5834,147.0233,https://www.ebay.com/itm/Intel-Core-i9-9900K-Processor-Coffee-Lake-8-Cores-FCLGA1151-SRELS-/196401484837,192.4632,179.99
AMD Ryzen 5 3600XT,185.00,6,18649,2760,95,AM4,196.3053,100.8054,148.5554,https://www.ebay.com/itm/AMD-Ryzen-5-3600XT-Processor-4-5-GHz-6-Cores-Socket-AM4-100-100000281BOX-/404953249781,196.3053,185.0
Intel Core i7-12700K,185.99,12,34623,4032,190,FCLGA1700,182.2263,186.1552,184.1908,https://www.ebay.com/itm/Intel-Core-i7-12700K-SRL4N-3-6-GHz-CPU-Processor-/126557762110,182.2263,185.99
AMD Ryzen 9 5900X,199.00,12,39151,3470,105,AM4,372.8667,196.7387,284.8027,https://www.ebay.com/itm/AMD-Ryzen-9-5900X-Desktop-Processor-4-8GHz-12-Cores-Socket-AM4-Box-/405131319954,372.8667,165.99
AMD Ryzen 9 5900,199.00,12,34400,3449,65,AM4,529.2308,172.8643,351.0476,https://www.ebay.com/itm/AMD-Ryzen-9-5900X-Desktop-Processor-4-8GHz-12-Cores-Socket-AM4-Box-/405131319954,529.2308,165.99
Intel Core i7-12700F,220.00,12,30647,3873,65,FCLGA1700,471.4923,139.3045,305.3984,https://www.ebay.com/itm/Intel-Core-i7-12700F-2-10GHz-12-Core-20-Thread-CPU-SRL4R-/386763640631,471.4923,337.04
Intel Core i5-13600T,195.00,14,27250,3736,35,FCLGA1700,778.5714,139.7436,459.1575,https://www.ebay.com/itm/INTEL-CORE-i5-13600T-13th-Gen-PROCESSOR-/156326764639,778.5714,199.98
Intel Core i7-12700T,197.90,12,21538,3627,35,FCLGA1700,615.3714,108.8327,362.1021,https://www.ebay.com/itm/Intel-Twelve-12-Core-i7-12700T-4-60-GHz-DESKTOP-CPU-SRL4S-/335439426388,615.3714,304.99
AMD Ryzen 5 8600G,199.00,6,25315,3864,65,AM5,389.4615,127.2111,258.3363,https://www.ebay.com/itm/AMD-Ryzen-5-8600G-6-core-12-thread-4-3-GHz-5-0-GHz-Max-Boost-Socket-A-/326022298551,389.4615,123456.0
Intel Core i5-14400,199.98,10,25955,3785,148,FCLGA1700,175.3716,129.7880,152.5798,https://www.ebay.com/itm/Intel-Core-i5-14400F-Core-i5-14th-Gen-Raptor-Lake-10-Core-6P-4E-LGA-1700-65W-/386599772928,175.3716,235.4
AMD Ryzen 3 PRO 5350G,199.99,4,13864,3101,65,AM4,213.2923,69.3235,141.3079,https://www.ebay.com/itm/Lenovo-Thinkcentre-M75S-G2-SFF-PC-AMD-Ryzen-3-PRO-5350G-8GB-RAM-128GB-SSD-W11P-/156264415009,213.2923,199.99
AMD Ryzen 9 3950X,204.24,16,38779,2705,105,AM4,369.3238,189.8698,279.5968,https://www.ebay.com/itm/AMD-Ryzen-R9-3900-R9-5900-R9-3900X-R9-3950X-R9-5900X-R9-5950X-Slot-AM4-CPU-/266687044471?var=0,369.3238,299.99
Intel Core i5-13490F,205.99,10,27496,3894,65,FCLGA1700,423.0154,133.4822,278.2488,https://www.ebay.com/itm/Intel-Core-i5-13490F-Desktop-Processor-10-Cores-up-4-8-GHz-Turbo-LGA-1700-65W-/294125606334?var=594480249340,423.0154,205.99
AMD Ryzen 7 5700GE,207.00,8,22313,3348,35,AM4,637.5143,107.7923,372.6533,https://www.ebay.com/itm/AMD-RYZEN-7-5700GE-Desktop-Processor-Socket-AM4-ZEN-3-R7-100-000000260-35W-TDP-/186379423183,637.5143,207.0
Intel Core i5-13600KF,209.99,14,37841,4134,125,FCLGA1700,302.728,180.2038,241.4659,https://www.ebay.com/itm/Intel-Core-i5-13600KF-Desktop-Processor-14-Cores-20-Threads-LGA-1700-Unlocked-/266370907805,302.7280,224.99
Intel Core i5-14600KF,214.32,14,39450,4297,125,FCLGA1700,315.6,184.0705,249.8353,https://www.ebay.com/itm/Intel-Core-i5-14600KF-3-5GHz-14-Core-Processor-BX8071514600KF-Used-/395478606615,315.6000,1178.0
AMD Ryzen 7 PRO 5750G,218.88,8,24421,3314,65,AM4,375.7077,111.5726,243.6402,https://www.ebay.com/itm/100-000000254-AMD-Ryzen-7-PRO-5750G-3-8GHz-8-Core-AM4-Processor-LENOVO-sys-/276565637568,375.7077,218.88
Intel Core i9-13900K,339.99,24,59237,4629,125,FCLGA1700,473.896,174.2316,324.0638,https://www.ebay.com/itm/Intel-Core-i9-13900KF-LGA1700-24-Core-48-Thread-Desktop-Processor-Used-/186593929691,473.8960,227.54
Intel Core i9-13900KF,319.95,24,58591,4621,125,FCLGA1700,468.728,183.1255,325.9267,https://www.ebay.com/itm/Intel-Core-i9-13900KF-BX8071513900KF-Free-Ship-/135120333517,468.7280,520.88
Intel Core i9-12900K,219.99,16,41478,4166,241,FCLGA1700,172.1079,188.5449,180.3264,https://www.ebay.com/itm/Intel-Core-i9-12900K-Desktop-Processor-16-8P-8E-Cores-up-5-2-GHz-Unloc-/235672524119,172.1079,219.99
Intel Core i9-12900KF,142.80,16,41138,4164,241,FCLGA1700,170.6971,288.0812,229.3892,https://www.ebay.com/itm/Intel-Core-i9-12900KF-3-2GHz-16-Core-Processor-Used-/385898420782,170.6971,199.95
Intel Core i9-12900,219.99,16,34282,4049,65,FCLGA1700,527.4154,155.8344,341.6249,https://www.ebay.com/itm/Intel-Core-i9-12900K-Desktop-Processor-16-8P-8E-Cores-up-5-2-GHz-Unloc-/235672524119,527.4154,164.99
AMD Ryzen 7 5700X3D,219.99,8,26379,2988,105,AM4,251.2286,119.9100,185.5693,https://www.ebay.com/itm/New-AMD-Ryzen-5700x3D-processor-/355907335677,251.2286,284.63
Intel Core i9-9900,222.00,8,16510,2834,65,FCLGA1151-2,254,74.3694,164.1847,https://www.ebay.com/itm/Intel-Core-i9-9900-SRG18-3-10GHz-16MB-8-Core-LGA1151-CPU-Processor-/145855523194,254.0000,159.99
Intel Core i9-14900K,421.94,24,60625,4752,125,FCLGA1700,485,143.6816,314.3408,https://www.ebay.com/itm/Intel-Core-i9-14900K-14th-Gen-24-Core-32-Thread-3-2GHz-LGA-1700-Processor-Used-/296228514218,485.0000,421.94
Intel Core i9-14900,399.99,24,47947,4594,65,FCLGA1700,737.6462,119.8705,428.7584,https://www.ebay.com/itm/Intel-Core-i9-14900KF-3-2GHz-24-Cores-LGA-1700-CPU-Processor-/276573721688,737.6462,394.75
Intel Core i9-9900T,228,8,13312,2457,35,FCLGA1151-2,380.3429,58.3860,219.3645,https://www.ebay.com/itm/Intel-Core-i9-9900T-SRG1B-2-10GHz-8-Cores-16MB-35W-LGA-1151-CPU-Processor-/185216303174,380.3429,162.99
Intel Core i9-13900,339.99,24,47399,4346,65,FCLGA1700,729.2154,139.4129,434.3142,https://www.ebay.com/itm/Intel-Core-i9-13900KF-LGA1700-24-Core-48-Thread-Desktop-Processor-Used-/186593929691,729.2154,319.95
Intel Core i7-14700,295.00,20,44165,4200,65,FCLGA1700,679.4615,149.7119,414.5867,https://www.ebay.com/itm/intel-core-i7-14700f-USED-/395557323946,679.4615,229.9
Intel Core i7-13700,229.99,16,37122,4135,65,FCLGA1700,571.1077,161.4070,366.2574,https://www.ebay.com/itm/Intel-Core-i7-13700K-13th-Gen-16-cores-8-P-cores-8-E-cores-30M-Cache-3-4-NIB-/395563326572,571.1077,215.0
Intel Core i5-14500,235.22,14,32622,4007,65,FCLGA1700,501.8769,138.6872,320.2820,https://www.ebay.com/itm/Intel-Core-i5-14500-Desktop-Processor-2-6-GHz-14-Cores-LGA-1700-NEW-SEALED-/305668978668,501.8769,235.22
AMD Ryzen 7 5800X3D,237.89,8,28282,3230,105,AM4,269.3524,118.8869,194.1196,https://www.ebay.com/itm/AMD-Ryzen-7-5800X3D-3-4-GHz-8-Core-16-Thread-Processor-Used-/296196146207,269.3524,339.52
AMD Ryzen 9 5950X,249.30,16,45645,3469,105,AM4,434.7143,183.0927,308.9035,https://www.ebay.com/itm/AMD-RYZEN-9-5950X-5900X-3950X-3900X-R7-5800X-5700X-3800X-3700X-Socket-AM4-CPU-/176409766631?var=475949929917,434.7143,292.99
AMD Ryzen 3 PRO 5350GE,199.99,4,12562,3087,35,AM4,358.9143,62.8131,210.8637,https://www.ebay.com/itm/Lenovo-Thinkcentre-M75Q-G2-Mini-PC-AMD-Ryzen-3-PRO-5350GE-8GB-RAM-256GB-SSD-W11P-/156219570005,358.9143,199.99
Intel Core i5-9400T,249.99,6,8371,2117,35,FCLGA1151-2,239.1714,33.4853,136.3284,https://www.ebay.com/itm/LENOVO-IDEACENTRE-A540-27ICB-i5-9400T-1-80GHz-8GB-RAM-256GB-SSD-WIN-10P-READ-/335448225378,239.1714,89.99
AMD Ryzen 9 7900X,250.00,12,51823,4263,170,AM5,304.8412,207.2920,256.0666,https://www.ebay.com/itm/AMD-Ryzen-9-7900X3D-12-Core-24-Thread-Desktop-Processor-/204851705232,304.8412,337.75
Intel Core i7-13700T,254.99,16,27126,3897,35,FCLGA1700,775.0286,106.3806,440.7046,https://www.ebay.com/itm/SRMBC-Intel-Core-I7-13700T-1-4-GHZ-4-9-GHZ-/135104868270,775.0286,329.99
AMD Ryzen 7 PRO 4700G,250.00,8,19786,2668,65,AM4,304.4,79.1440,191.7720,https://www.ebay.com/itm/HP-M01-F1024-AMD-Ryzen-7-4700G-32GB-RAM-256GB-SSD-Used-/156297142123,304.4000,250.0
Intel Core i7-13700KF,254.99,16,46268,4354,125,FCLGA1700,370.144,181.4503,275.7971,https://www.ebay.com/itm/Intel-Core-i7-13700KF-Processor-Raptor-Lake-16-Cores-FCLGA1700-SRMB9-/235674149140,370.1440,404.59
Intel Core i9-9900KF,259.99,8,18305,2931,95,FCLGA1151-2,192.6842,70.4066,131.5454,https://www.ebay.com/itm/Intel-Core-i9-9900KF-3-60GHz-8-Cores-16MB-95W-LGA1151-64-Bit-CPU-SRG1A-/266790238679,192.6842,192.49
AMD Ryzen 5 PRO 2600,259.99,6,13509,2275,65,AM4,207.8308,51.9597,129.8953,https://www.ebay.com/itm/MSI-B450M-PRO-VDH-PLUS-Motherboard-AMD-Ryzen-5-2600x-CPU-32GB-DDR4-RAM-Combo-/266837775875,207.8308,259.99
Intel Core i5-14600K,260.00,14,39278,4285,125,FCLGA1700,314.224,151.0692,232.6466,https://www.ebay.com/itm/intel-core-i5-14600k-/266888938264,314.2240,966.0
AMD Ryzen 9 7900,265.99,12,48869,4152,65,AM5,751.8308,183.7250,467.7779,https://www.ebay.com/itm/AMD-Ryzen-9-7900X-12-Core-CPU-Processor-/116258900467,751.8308,310.0
AMD Ryzen 7 8700F,269.00,8,30918,3882,65,AM5,475.6615,114.9368,295.2991,https://www.ebay.com/itm/AMD-Ryzen-7-8700F-4-1-Ghz-Ryzen-7-8000-Series-8-Core-16-Threads-Socket-AM5-/387015171346,475.6615,263.99
AMD Ryzen 5 5600X3D,269.98,6,22096,3214,105,AM4,210.4381,81.8431,146.1406,https://www.ebay.com/itm/AMD-Ryzen-5-5600X3D-Vermeer-AM4-3-3GHz-4-4GHz-6-Core-CPU-Boxed-Processor-SEALED-/176213515120,210.4381,269.98
AMD Ryzen 5 PRO 1600,279.99,6,11240,1884,65,AM4,172.9231,40.1443,106.5337,https://www.ebay.com/itm/Corsair-Asrock-AB350-Pro4-Ryzen-5-1600X-3-60GHz-16GB-RAM-128GB-SSD-2TB-HDD-Radeo-/176478559439,172.9231,359.99
AMD Ryzen 3 2300X,285.00,4,7563,2357,65,AM4,116.3538,26.5368,71.4453,https://www.ebay.com/itm/CyberPowerPC-AMD-Ryzen-3-2300X-3-50-GHz-1-TB-HDD-240-GB-SSD-8-GB-RAM-Gaming-/196447413882,116.3538,199.0
AMD Ryzen 7 8700G,289.98,8,31725,3934,65,AM5,488.0769,109.4041,298.7405,https://www.ebay.com/itm/AMD-Ryzen-7-8700G-Phoenix-AM5-4-2GHz-8-Core-Boxed-Processor-Wraith-Spire-Coole-/176287793176,488.0769,1179.99
AMD Ryzen 7 7800X3D,292.68,8,34255,3749,120,AM5,285.4583,117.0391,201.2487,https://www.ebay.com/itm/AMD-Ryzen-7-7800X3D-4-2GHz-8-Core-16-Thread-Gaming-Desktop-Processor-Used-/296223050220,285.4583,615.0
Intel Core i9-12900F,300.00,16,36812,4071,65,FCLGA1700,566.3385,122.7067,344.5226,https://www.ebay.com/itm/Intel-Core-i9-12900F-12th-Gen-5-10-GHz-Processor-/235654586799,566.3385,300.0
AMD Ryzen 5 PRO 3600,264.95,6,17606,2528,65,AM4,270.8615,66.4503,168.6559,https://www.ebay.com/itm/AMD-Ryzen-5-3600-MSI-A520M-A-PRO-AM4-microATX-Mobo-16GB-DDR4-G-Skill-RAM-COMBO-/285107831085,270.8615,264.95
AMD Ryzen 7 PRO 2700X,529.99,8,16908,2257,105,AM4,161.0286,31.9025,96.4656,https://www.ebay.com/itm/Custom-Gaming-PC-Desktop-Computer-1TB-SSD-16GB-RAM-RYZEN-7-2700X-MSI-1660-/276539560285,161.0286,600.0
Intel Core i5-14400F,308.00,10,25800,3715,148,FCLGA1700,174.3243,83.7662,129.0453,https://www.ebay.com/itm/Intel-Core-i5-14400F-10-core-16-thread-CPU-processor-i5-14400F-/404954233240,174.3243,355.99
AMD Ryzen Threadripper 3960X,327.75,24,54870,2681,280,sTRX4,195.9643,167.4142,181.6893,https://www.ebay.com/itm/ASUS-PRIME-TRX40-PRO-S-support-3rd-Gen-AMD-Ryzen-Threadripper-3960x-3970x-3990x-/387205871775,195.9643,440.0
Intel Core i7-14700K,329.00,20,53464,4476,125,FCLGA1700,427.712,162.5046,295.1083,https://www.ebay.com/itm/Intel-Core-i7-14700K-Processor-5-5-GHz-20-Cores-LGA-1700-Box-BX8071514700K-/315547227831,427.7120,225.55
AMD Ryzen 5 PRO 8500G,342.99,6,22076,3924,65,AM5,339.6308,64.3634,201.9971,https://www.ebay.com/itm/AMD-Ryzen-5-PRO-8500G-processor-3-5-GHz-16-MB-L3-100-000001183-/186527749383,339.6308,346.99
Intel Core i5-14400T,347.95,10,25774,3741,82,FCLGA1700,314.3171,74.0739,194.1955,https://www.ebay.com/itm/Intel-Core-i5-i5-14400T-1-5-GHz-10-core-16-threads-20-MB-cache-/395549756852,314.3171,inf
Intel Core i9-13900KS,369.00,24,61747,4755,150,FCLGA1700,411.6467,167.3360,289.4914,https://www.ebay.com/itm/Intel-CM8071504820503-SRMBX-Core-i9-13900KS-Processor-TESTED-W-COSMETIC-DAMAGE-/204895200889,411.6467,672.1
AMD Ryzen 7 PRO 5750GE,349.00,8,21893,3306,35,AM4,625.5143,62.7307,344.1225,https://www.ebay.com/itm/AMD-Ryzen-7-PRO-5750GE-8C-16T-3-20-4-60GHz-35W-TRAY-/405052500815,625.5143,379.99
AMD Ryzen 5 4600GE,369.99,6,15823,2630,35,AM4,452.0857,42.7660,247.4258,https://www.ebay.com/itm/Lenovo-Ideacentre-AIO-A540-24Api-23-8-Touchscreen-Ryzen-5-4600GE-12GB-256GB-SSD-/155848398723,452.0857,369.99
Intel Core i9-12900T,379.99,16,30093,3818,35,FCLGA1700,859.8,79.1942,469.4971,https://www.ebay.com/itm/Intel-Core-i9-12900T-1-4-GHz-up-4-9-GHz-Turbo-CPU-Processor-/126391387599,859.8000,379.99
Intel Core i7-13700F,366.99,16,38934,4124,65,FCLGA1700,598.9846,106.0901,352.5374,https://www.ebay.com/itm/Intel-Core-i7-13700F-Desktop-Processor-16-cores-8-P-cores-8-E-cores-30MB-Cac-/304760006824,598.9846,300.0
AMD Ryzen 9 7950X,395.99,16,62799,4281,170,AM5,369.4059,158.5873,263.9966,https://www.ebay.com/itm/AMD-Ryzen-9-7950x-5-7-GHz-CPU-Processor-/126584240038,369.4059,369.0
Intel Core i9-9900KS,396,8,19491,3037,127,FCLGA1151-2,153.4724,49.2197,101.3460,https://www.ebay.com/itm/Intel-Core-i9-9900KS-SRG1Q-4-00GHz-8-Cores-16-Threads-16MB-LGA1151-CPU-Processor-/395503782206,153.4724,310.0
Intel Core i3-13100T,399.00,4,13108,3405,35,FCLGA1700,374.5143,32.8521,203.6832,https://www.ebay.com/itm/HP-6L7D9AV-27-FHD-IPS-Intel-i3-13100T-2-5-GHz-GTX-1650-8GB-RAM-256GB-SSD-W11H-/166855120018,374.5143,379.0
Intel Core i7-9700E,399,8,12600,2559,65,FCLGA1151-2,193.8462,31.5789,112.7126,https://www.ebay.com/itm/Intel-Core-i7-9700E-FCLGA1151-2-60-GHz-8C-16T-12MB-8-GT-s-65-W-CPU-Processor-/355486310192,193.8462,399.0
Intel Core i7-13790F,425.00,16,46309,4159,65,FCLGA1700,712.4462,108.9624,410.7043,https://www.ebay.com/itm/Intel-Core-I7-13790F-2-1GHz-5-2GHz-8P-8E-16-Core-24Threads-LGA1700-CPU-Processor-/126577882988,712.4462,399.0
Intel Core i9-14900T,425,24,44248,4192,35,FCLGA1700,1264.2286,104.1129,684.1707,https://www.ebay.com/itm/Used-Intel-Core-i9-14900T-SRMBR-24-Cores-up-5-8-GHz-CPU-/326214047349,1264.2286,inf
AMD Ryzen 7 PRO 8700G,446.99,8,32522,3998,65,AM5,500.3385,72.7578,286.5482,https://www.ebay.com/itm/AMD-Ryzen-7-PRO-8700G-processor-4-2-GHz-16-MB-L3-100-000001238-/176448660768,500.3385,749.99
Intel Core i7-9700KF,449.99,8,14269,2876,95,FCLGA1151-2,150.2,31.7096,90.9548,https://www.ebay.com/itm/Desktop-PC-I7-9700K-16GB-RAM-500GB-SSD-2TB-HDD-Wi-Fi-Windows-10-Pro-/235567296476,150.2000,142.5
AMD Ryzen 9 7950X3D,479.47,16,62410,4141,120,AM5,520.0833,130.1646,325.1240,https://www.ebay.com/itm/AMD-Ryzen-9-7950X3D-Gaming-Processor-5-70-GHz-Max-Boost-Clock-16-Core-32-Thread-/176157113430,520.0833,470.0
Intel Core i9-14900KF,460.32,24,59940,4720,125,FCLGA1700,479.52,130.2138,304.8669,https://www.ebay.com/itm/Intel-Core-i9-14th-Gen-i9-14900KF-Tetracosa-core-24-Core-CM8071505094018-/315568504015,479.5200,919.88
Intel Core i7-14700F,480.31,20,44362,4326,65,FCLGA1700,682.4923,92.3612,387.4267,https://www.ebay.com/itm/Intel-Core-i7-14700F-Desktop-Processor-20-cores-8-P-cores-12-E-cores-up-t-/156326654640,682.4923,546.9
Intel Core i7-9700F,499,8,13250,2754,65,FCLGA1151-2,203.8462,26.5531,115.1997,https://www.ebay.com/itm/iBUYPOWER-Gaming-PC-I7-9700F-3-0GHz-1TB-32GB-WIN11PRO-K6000-WIFI-/134874578109,203.8462,149.0
Intel Core i9-13900T,528.00,24,44037,4208,35,FCLGA1700,1258.2,83.4034,670.8017,https://www.ebay.com/itm/Intel-Core-i9-13900T-QS-CPU-processor-1-1GHz-8P-16E-24C-32T-36MB-LGA1700-/176409114159,1258.2000,600.0
Intel Core i7-14700KF,599.99,20,53347,4477,125,FCLGA1700,426.776,88.9131,257.8446,https://www.ebay.com/itm/Intel-Core-i7-14700KF-20-Cores-3-4GHz-LGA-1700-CPU-Processor-BX8071514700KF-/395101260687,426.7760,829.0
Intel Core i9-14900KS,643.98,24,63255,4885,150,FCLGA1700,421.7,98.2251,259.9625,https://www.ebay.com/itm/Intel-Core-i9-14900KS-3-2GHz-Raptor-Lake-24-Core-8P-16E-LGA-1700-CPU-Processor-/296296345624,421.7000,625.0
Intel Core i5-14500T,599.99,14,24239,3731,35,FCLGA1700,692.5429,40.3990,366.4710,https://www.ebay.com/itm/Dell-OptiPlex-Micro-Plus-7020-Computer-i5-14500T-14-core-16GB-DDR5-512GB-NVMe-/335509462031,692.5429,589.99
Intel Core i3-14100T,689.99,4,12980,3534,69,FCLGA1700,188.1159,18.8119,103.4639,https://www.ebay.com/itm/Dell-OptiPlex-7000-7020-Desktop-Computer-Intel-Core-i3-14th-Gen-i3-14100T-8-/296407679613,188.1159,689.99
AMD Ryzen 9 PRO 3900,720.00,12,31609,2692,65,AM4,486.2923,43.9014,265.0969,https://www.ebay.com/itm/Gaming-PC-Ryzen-3900x-64GB-DDR4-1TB-1660-Super-Windows-11-Pro-/176490033653,486.2923,720.0
Intel Core i9-14900F,755.57,24,48657,4584,65,FCLGA1700,748.5692,64.3977,406.4835,https://www.ebay.com/itm/NEW-Intel-i9-14900F-BX8071514900F-Core-i9-14th-Gen-Tetracosa-core-24-Processor-/156201570491,748.5692,807.3
AMD Ryzen Threadripper 3970X,780.00,32,63240,2666,280,sTRX4,225.8571,81.0769,153.4670,https://www.ebay.com/itm/AMD-Ryzen-Threadripper-3970X-/256585151265,225.8571,729.6
Intel Core i7-14700T,899.94,20,38482,4060,35,FCLGA1700,1099.4857,42.7606,571.1232,https://www.ebay.com/itm/HP-Elite-Mini-800-G9-Intel-i7-14700T-32GB-RAM-512GB-Gen4-SSD-Win-11-Pro-1-YR-/126560422331,1099.4857,899.94
AMD Ryzen 7 PRO 5845,"1,051.80",8,25961,3439,65,AM4,399.4,24.6824,212.0412,https://www.ebay.com/itm/Lenovo-ThinkStation-P358-30GL0052US-Workstation-AMD-Ryzen-7-PRO-5845-16-GB-/335463500715,399.4000,1033.54
AMD Ryzen Threadripper 7970X,"1,150.00",32,97534,4131,350,sTR5,278.6686,84.8122,181.7404,https://www.ebay.com/itm/Gigabyte-TRX50-AERO-D-Support-AMD-Ryzen-Threadripper-PRO-7000-7960x-7970x-CPU-/126429480639,278.6686,1150.0
AMD Ryzen Threadripper 7960X,"1,150.00",24,83308,4091,350,sTR5,238.0229,72.4417,155.2323,https://www.ebay.com/itm/Gigabyte-TRX50-AERO-D-Support-AMD-Ryzen-Threadripper-PRO-7000-7960x-7970x-CPU-/126429480639,238.0229,1150.0
AMD Ryzen Threadripper PRO 7965WX,"1,899.00",24,82097,3984,350,sTR5,234.5629,43.2317,138.8973,https://www.ebay.com/itm/AMD-Ryzen-Threadripper-Pro-7965WX-24-Core-4-2GHz-sTR5-Processor-Unlocked-/335480390495,234.5629,1899.0
AMD Ryzen Threadripper 3990X,"2,200.00",64,80892,2564,280,sTRX4,288.9,36.7691,162.8345,https://www.ebay.com/itm/AMD-Ryzen-Threadripper-3990X-64-Core-Fan-/135120419909,288.9000,2199.0
Intel Core i9-13900F,"109,034.91",24,51190,4436,65,FCLGA1700,787.5385,0.4695,394.0040,https://www.ebay.com/itm/Intel-Core-i9-13900F-2GHz-5-6-Turbo-24-Core-LGA1700-Desktop-Processor-RaptorLake-/334813894578,787.5385,109034.91
AMD Ryzen Threadripper PRO 7975WX,"5,034.05",32,94834,4066,350,sTR5,270.9543,18.8385,144.8964,https://www.ebay.com/itm/AMD-Ryzen-Threadripper-PRO-7975WX-CPU-32-core-64-thread-processor-350W-trx50-/176130462531,270.9543,2799.0
AMD Ryzen Threadripper PRO 7945WX,"3,386.70",12,49599,4086,350,sTR5,141.7114,14.6452,78.1783,https://www.ebay.com/itm/HP-Z6-G5-Tower-Workstation-AMD-R-7945WX-16GB-RAM-512GB-SSD-W11P-9J2K0UT-ABA-/126333232967,141.7114,3091.98
AMD Ryzen Threadripper 7980X,"3,499.00",64,134981,3988,350,sTR5,385.66,38.5770,212.1185,https://www.ebay.com/itm/AMD-Ryzen-Threadripper-7980X-64-Core-3-2GHz-sTR5-Processor-Unlocked-/335196002126,385.6600,3999.0
AMD Ryzen Threadripper PRO 7955WX,"3,993.76",16,59809,4089,350,sTR5,170.8829,14.9756,92.9292,https://www.ebay.com/itm/HP-Z6-G5-Tower-Workstation-AMD-R-7955WX-16GB-RAM-512GB-SSD-W11P-9J2K4UT-ABA-/126333244749,170.8829,3993.76
AMD Ryzen Threadripper PRO 7985WX,"5,999.00",64,135597,3998,350,sTR5,387.42,22.6033,205.0117,https://www.ebay.com/itm/AMD-Ryzen-Threadripper-Pro-7985WX-64-Core-3-2GHz-sTR5-Processor-Unlocked-/335436185739,387.4200,5999.0
AMD Ryzen Threadripper PRO 7995WX,"8,199.00",96,154671,3952,350,sTR5,441.9171,18.8646,230.3909,https://www.ebay.com/itm/AMD-Ryzen-Threadripper-Pro-7995WX-96-Core-2-5GHz-sTR5-Processor-Unlocked-/226031026402,441.9171,8199.0
AMD Ryzen 5 PRO 8600G,"123,456.00",6,25288,3872,65,AM5,389.0462,0.2048,194.6255,https://www.ebay.com/itm/AMD-Ryzen-5-PRO-8600G-processor-4-3-GHz-16-MB-L3-100-000001239-/176448661023,389.0462,123456.0
AMD Ryzen 5 5600GT,"123,456.00",6,20057,3344,65,AM4,308.5692,0.1625,154.3659,https://www.ebay.com/itm/AMD-Ryzen-5-5600GT-processor-3-6-GHz-16-MB-L3-100-000001488-/176340573380,308.5692,123456.0
Intel Core i3-14100F,"123,456.00",4,15378,3770,110,FCLGA1700,139.8,0.1246,69.9623,https://www.ebay.com/itm/Intel-Core-i3-14100F-processor-12-MB-Smart-Cache-CM8071505092207-/176364920870,139.8000,110.0
AMD Ryzen 7 PRO 8700GE,10000000,8,30588,3988,35,AM5,873.9429,0.0031,436.9730,,873.9429,440.0
Intel Core i5-14600T,10000000,14,29449,4153,35,FCLGA1700,841.4,0.0029,420.7014,https://www.ebay.com/itm/4-Pack-HIGH-POWER-Low-Profile-CPU-Fan-Intel-i7-i5-i3-i9-Socket-LGA-1700-Cooler-/285920018774?var=587977066321,841.4000,inf
AMD Ryzen 5 PRO 8600GE,10000000,6,25776,3908,35,AM5,736.4571,0.0026,368.2298,,736.4571,259.0
AMD Ryzen 5 PRO 8500GE,10000000,6,21426,3903,35,AM5,612.1714,0.0021,306.0867,,612.1714,inf
Intel Core i5-12400F,10000000,6,19680,3630,65,FCLGA1700,302.7692,0.0020,151.3856,,302.7692,105.0
AMD Ryzen 5 4400G,10000000,6,17160,2711,65,AM4,264,0.0017,132.0009,,264.0000,inf
AMD Ryzen 5 PRO 4655G,10000000,6,16355,2696,65,AM4,251.6154,0.0016,125.8085,,251.6154,inf
AMD Ryzen 7 2700E,10000000,8,14657,2410,45,AM4,325.7111,0.0015,162.8563,,325.7111,inf
AMD Ryzen 5 PRO 4655GE,10000000,6,14436,2662,35,AM4,412.4571,0.0014,206.2293,,412.4571,inf
AMD Ryzen 3 PRO 8300G,262.99,4,14351,3838,65,AM5,220.7846,54.5686,137.6766,https://www.ebay.com/itm/AMD-Ryzen-3-PRO-8300G-processor-3-4-GHz-8-MB-L3-100-000001187-/186527755109,220.7846,265.99
AMD Ryzen 3 PRO 8300GE,10000000,4,14227,3772,35,AM5,406.4857,0.0014,203.2435,,406.4857,inf
AMD Ryzen 3 PRO 4355GE,10000000,4,10559,2572,35,AM4,301.6857,0.0011,150.8434,,301.6857,inf
AMD Ryzen 5 PRO 3350G,10000000,4,9288,2289,65,AM4,142.8923,0.0009,71.4466,,142.8923,inf
Intel Core i9-9900B,10000000,8,9060,2018,65,FCLGA1151,139.3846,0.0009,69.6928,,139.3846,inf
AMD Ryzen 5 3350G,10000000,4,8989,2263,65,AM4,138.2923,0.0009,69.1466,,138.2923,inf
AMD Athlon Gold PRO 3150G,10000000,4,7702,2321,65,AM4,118.4923,0.0008,59.2465,,118.4923,inf
Intel Core i3-9320,10000000,4,7358,2711,62,FCLGA1151-2,118.6774,0.0007,59.3391,,118.6774,54.0
AMD Athlon Gold 3150G,10000000,4,7112,2265,65,AM4,109.4154,0.0007,54.7081,,109.4154,inf
AMD Athlon Gold PRO 3150GE,10000000,4,7006,2165,35,AM4,200.1714,0.0007,100.0861,,200.1714,inf
